Symbol,Strategy,Avg_Fill,IS_Bps,Spread_Bps,Slippage_Bps,Impact_Bps,Total_Shares,Date
AAPL,TWAP,263.26632587859433,-51.155213648677034,3.2169827336538446,0.0,0.052749099505950754,7825,2026-01-06
AAPL,VWAP,263.47704103514377,-43.192279613548656,3.749737772517535,0.0,0.04901790662164312,7825,2026-01-06
AAPL,AC_Aggressive,263.44389524600643,-44.44486028579276,3.3878951283906042,0.0,0.05127420136097835,7825,2026-01-06
AAPL,AC_Balanced,263.9962190159744,-23.572523343780016,3.9838669868955443,0.0,0.06185251471055201,7825,2026-01-06
AAPL,AC_Urgent,264.3481473610223,-10.273137373644214,4.651362229578268,0.0,0.08090642152532225,7825,2026-01-06
AAPL,TWAP,261.8766961661343,-20.70410920658294,3.307869346062275,0.0,0.052253865415221604,7825,2026-01-07
AAPL,VWAP,261.76075428754,-25.122288943709712,3.591418396742423,0.0,0.048281987257451135,7825,2026-01-07
AAPL,AC_Aggressive,261.92699302236423,-18.787454467755758,3.3965743002595805,0.0,0.05260401014228038,7825,2026-01-07
AAPL,AC_Balanced,262.0412294057509,-14.434265780104427,3.7408021173024872,0.0,0.06653577698120573,7825,2026-01-07
AAPL,AC_Urgent,262.1127920127796,-11.707240272639252,4.174489720708555,0.0,0.08456068211292865,7825,2026-01-07
AAPL,TWAP,257.22018274760376,-5.044622220045092,3.454973223641834,0.0,0.0498693044891904,7825,2026-01-08
AAPL,VWAP,257.29529412140573,-2.1259755512847978,3.8141265666528317,0.0,0.04786509724069975,7825,2026-01-08
AAPL,AC_Aggressive,257.11740246645354,-9.038415836233327,3.5453760803236944,0.0,0.04834678233268729,7825,2026-01-08
AAPL,AC_Balanced,256.864211744409,-18.876796098121762,3.8423821148274926,0.0,0.058862414813757875,7825,2026-01-08
AAPL,AC_Urgent,256.81116051118215,-20.938238956821344,4.146265817911587,0.0,0.07730350509456167,7825,2026-01-08
AAPL,TWAP,258.8227121405751,8.225776306487464,3.397371714038403,0.0,0.05314724768650098,7825,2026-01-09
AAPL,VWAP,258.64190479233235,1.2342694628153517,3.671953473006422,0.0,0.05120172733172999,7825,2026-01-09
AAPL,AC_Aggressive,258.60127033865814,-0.33699444715984406,3.520492464955141,0.0,0.05198645842748389,7825,2026-01-09
AAPL,AC_Balanced,258.0991619424921,-19.752656045973758,3.921011704842819,0.0,0.0640904908291358,7825,2026-01-09
AAPL,AC_Urgent,257.99060984025556,-23.9501777344342,4.282887385743159,0.0,0.0845750362347638,7825,2026-01-09
AAPL,TWAP,260.322692971246,88.85378455200987,3.4235809233377132,0.0,0.054306784556141095,7825,2026-01-12
AAPL,VWAP,259.90123281789135,72.52001889109793,4.025858765192895,0.0,0.05157485365223968,7825,2026-01-12
AAPL,AC_Aggressive,260.0891015846645,79.80090745684399,3.5763729254859324,0.0,0.05302402512149347,7825,2026-01-12
AAPL,AC_Balanced,259.3326195143771,50.48330586531424,4.084573487574363,0.0,0.06448070127638149,7825,2026-01-12
AAPL,AC_Urgent,258.67711447923324,25.079087819159795,4.577098630317587,0.0,0.08326297387725817,7825,2026-01-12
AAPL,TWAP,260.2137252396166,18.62373360135061,3.4036327020829455,0.0,0.05516910975385341,7825,2026-01-13
AAPL,VWAP,260.3671714760383,24.531646816268182,3.7694340367216377,0.0,0.05947783567682272,7825,2026-01-13
AAPL,AC_Aggressive,260.25617449201275,20.258094306719876,3.5075499014584373,0.0,0.05465296798219205,7825,2026-01-13
AAPL,AC_Balanced,260.29872369329075,21.896303195880762,3.916133435366648,0.0,0.06862225400235321,7825,2026-01-13
AAPL,AC_Urgent,260.3154223003194,22.539224934701174,4.460813074138828,0.0,0.08870996035503077,7825,2026-01-13
AAPL,TWAP,258.59478210862613,-118.27812694041096,3.5185401221779222,0.0,0.05631861756963492,7825,2026-01-14
AAPL,VWAP,259.4964204089457,-83.82368497060533,4.2275222941943875,0.0,0.06431432297163954,7825,2026-01-14
AAPL,AC_Aggressive,258.7459632587859,-112.50101857748885,3.645730097864415,0.0,0.05588252370037659,7825,2026-01-14
AAPL,AC_Balanced,259.38942186581465,-87.91243662840009,4.115397823402874,0.0,0.07214057196498888,7825,2026-01-14
AAPL,AC_Urgent,260.0658578402556,-62.06368550568886,4.671014620628126,0.0,0.09739934375403558,7825,2026-01-14
AAPL,TWAP,259.3665916932907,-48.093141254692554,3.303746375369566,0.0,0.05542203103179084,7825,2026-01-15
AAPL,VWAP,259.37357329073484,-47.82525707178409,3.4877509508586346,0.0,0.05321740858942898,7825,2026-01-15
AAPL,AC_Aggressive,259.6241799233227,-38.209470206499454,3.37793662792518,0.0,0.055781459023316236,7825,2026-01-15
AAPL,AC_Balanced,260.22336040894584,-15.21889017238709,3.630811137131589,0.0,0.07240684245278886,7825,2026-01-15
AAPL,AC_Urgent,260.4343578785943,-7.122908528554017,3.876134226051475,0.0,0.09538130314636399,7825,2026-01-15
AAPL,TWAP,256.4341198083068,-73.38934163682586,3.201937802483333,0.0,0.051300262667870224,7825,2026-01-16
AAPL,VWAP,256.87942585303506,-56.15146497229384,3.5098877881218487,0.0,0.05494223502832549,7825,2026-01-16
AAPL,AC_Aggressive,256.53972941853027,-69.30117472965347,3.2291215000107907,0.0,0.05210365347372473,7825,2026-01-16
AAPL,AC_Balanced,256.93412259424935,-54.034144333677816,3.348714928168428,0.0,0.06971987674834222,7825,2026-01-16
AAPL,AC_Urgent,257.34888071565496,-37.978783246528366,3.5169867155017185,0.0,0.09120316032509534,7825,2026-01-16
AAPL,TWAP,249.63259024920131,-174.65332180491734,3.5439906296794206,0.0,0.046933807610881485,7825,2026-01-20
AAPL,VWAP,249.1415867987221,-193.978839824549,4.401594311816767,0.0,0.046044515347070686,7825,2026-01-20
AAPL,AC_Aggressive,250.22979008306706,-151.14799584553862,3.6224324444766807,0.0,0.04838393747340463,7825,2026-01-20
AAPL,AC_Balanced,251.71361171884982,-92.74591795331189,4.017131335604642,0.0,0.0630914633769648,7825,2026-01-20
AAPL,AC_Urgent,252.46130079233225,-63.317451313079644,4.628670665072409,0.0,0.08265237223032006,7825,2026-01-20
AAPL,TWAP,247.25199334185308,10.607224699878959,3.7221306653555017,0.0,0.04942627335379396,7825,2026-01-21
AAPL,VWAP,247.7637918977637,31.328652471367402,4.260057775171228,0.0,0.047153283603884905,7825,2026-01-21
AAPL,AC_Aggressive,247.1938662492013,8.253805882962872,3.759643016109746,0.0,0.05017341589841752,7825,2026-01-21
AAPL,AC_Balanced,247.1756926261981,7.518001899036175,4.005387719430097,0.0,0.0647846058701027,7825,2026-01-21
AAPL,AC_Urgent,247.20371180830676,8.652427644431082,4.4309588710902155,0.0,0.0880971089817812,7825,2026-01-21
AAPL,TWAP,249.79663610223642,-8.533995011694717,3.3723891401961037,0.0,0.05571662239963176,7825,2026-01-22
AAPL,VWAP,249.65424665814695,-14.229345086412826,3.7486296898954308,0.0,0.05264249609578493,7825,2026-01-22
AAPL,AC_Aggressive,249.79638387220442,-8.544083809645109,3.5017386016476513,0.0,0.05490336417714681,7825,2026-01-22
AAPL,AC_Balanced,249.76488525239606,-9.803978233885458,3.973489710020045,0.0,0.06620208180573842,7825,2026-01-22
AAPL,AC_Urgent,249.74288684984026,-10.683879159414378,4.474504824194073,0.0,0.08411216451789771,7825,2026-01-22
AAPL,TWAP,247.9074926517572,64.65258691377373,3.467079153762865,0.0,0.05594280729588373,7825,2026-01-23
AAPL,VWAP,247.5094896485624,48.49429370183511,3.9062684547221425,0.0,0.053489780698095464,7825,2026-01-23
AAPL,AC_Aggressive,247.76290433226842,58.78252954594654,3.580443432864571,0.0,0.05419850200369874,7825,2026-01-23
AAPL,AC_Balanced,247.16854762939298,34.65258630317436,3.9673606463203948,0.0,0.06510793310966098,7825,2026-01-23
AAPL,AC_Urgent,246.455732370607,5.713412817158758,4.369297978220158,0.0,0.08423718240270234,7825,2026-01-23
AAPL,TWAP,254.9373150159744,149.38461667103996,3.5397710406023695,0.0,0.04936346176271328,7825,2026-01-26
AAPL,VWAP,255.01981735463258,152.66914160127376,3.783294060161735,0.0,0.05408536115580844,7825,2026-01-26
AAPL,AC_Aggressive,254.71544194249196,140.5515623230902,3.711226712996645,0.0,0.04858351652301738,7825,2026-01-26
AAPL,AC_Balanced,254.02223382747601,112.95404966295442,4.296007573085581,0.0,0.05840838444477444,7825,2026-01-26
AAPL,AC_Urgent,253.34028522683715,85.80479284956644,4.889869987335419,0.0,0.07758445491423568,7825,2026-01-26
AAPL,TWAP,260.3832408945687,7.2343267569086045,3.3263328784371176,0.0,0.05320413570410679,7825,2026-01-27
AAPL,VWAP,260.3682948115016,6.659908238242362,3.8743121464286463,0.0,0.0512621172174847,7825,2026-01-27
AAPL,AC_Aggressive,260.49008337380195,11.340573080846905,3.428861042095092,0.0,0.05192271784066496,7825,2026-01-27
AAPL,AC_Balanced,260.7008124856231,19.43946452339418,3.8047894562930105,0.0,0.06060531844991255,7825,2026-01-27
AAPL,AC_Urgent,260.73832879233225,20.881317966123802,4.251591231045944,0.0,0.07557713168448221,7825,2026-01-27
AAPL,TWAP,255.781528115016,-64.80807973990422,3.4101970477262205,0.0,0.0558438381177718,7825,2026-01-28
AAPL,VWAP,256.122502913738,-51.563768900726444,3.7983489518702656,0.0,0.053161348329524995,7825,2026-01-28
AAPL,AC_Aggressive,255.84774006389776,-62.23624265533134,3.507985813141382,0.0,0.055389145177868,7825,2026-01-28
AAPL,AC_Balanced,256.15841838977644,-50.16872231554448,3.901424267293922,0.0,0.06836774954640074,7825,2026-01-28
AAPL,AC_Urgent,256.4943574185302,-37.120013330297354,4.384039126049644,0.0,0.08839111614173531,7825,2026-01-28
AAPL,TWAP,257.0983750798723,-20.635399327109116,3.58080947163336,0.0,0.04666523304512386,7825,2026-01-29
AAPL,VWAP,257.2711110159743,-13.930592711878242,3.882353932628168,0.0,0.045873052580568036,7825,2026-01-29
AAPL,AC_Aggressive,256.9002768690096,-28.324651631118634,3.726522064851347,0.0,0.04689589297988775,7825,2026-01-29
AAPL,AC_Balanced,256.55999118210855,-41.532961239925115,4.186825046559051,0.0,0.06167201800705544,7825,2026-01-29
AAPL,AC_Urgent,256.74899077316286,-34.19687509032099,4.600177570571195,0.0,0.08461400076925353,7825,2026-01-29
AAPL,TWAP,255.7114898019169,67.38148826444635,6.282282206737076,0.0,0.11964629820643202,7825,2026-01-30
AAPL,VWAP,255.1103031821086,43.71272370506274,8.351135820482739,0.0,0.13885939976331785,7825,2026-01-30
AAPL,AC_Aggressive,255.70402286261978,67.08751427636939,6.294080652059207,0.0,0.11922920178125937,7825,2026-01-30
AAPL,AC_Balanced,255.6371037699681,64.45290432945283,6.388493371236077,0.0,0.11824255993554914,7825,2026-01-30
AAPL,AC_Urgent,255.40989404472842,55.507639556235944,6.728006842595279,0.0,0.11981887248116933,7825,2026-01-30
AAPL,TWAP,268.36734738658146,50.08233581987653,3.4796200559664285,0.0,0.08800198268580707,7825,2026-02-02
AAPL,VWAP,268.363130313099,49.924410736488234,3.5178826198839794,0.0,0.09550278524024672,7825,2026-02-02
AAPL,AC_Aggressive,268.33507713738015,48.873848033903485,3.4726567000564934,0.0,0.08812067081402841,7825,2026-02-02
AAPL,AC_Balanced,268.08589723961666,39.54231603740199,3.422238174619274,0.0,0.09159756295719015,7825,2026-02-02
AAPL,AC_Urgent,267.5944408817891,21.137778716719957,3.3100826792589384,0.0,0.11117966837056954,7825,2026-02-02
AAPL,TWAP,269.77443961661334,11.297673007426567,3.9777525482239144,0.0,0.045729334063979846,7825,2026-02-03
AAPL,VWAP,269.8206723706071,13.01336506161821,4.242477611999561,0.0,0.044556993760187354,7825,2026-02-03
AAPL,AC_Aggressive,269.70375153993604,8.674446809442404,4.11784531755271,0.0,0.04537222554909554,7825,2026-02-03
AAPL,AC_Balanced,269.53973189776366,2.5876972109939445,4.586994850587645,0.0,0.05801519487084146,7825,2026-02-03
AAPL,AC_Urgent,269.4843000638977,0.53062838645479,5.00404827424288,0.0,0.07975044101513842,7825,2026-02-03
AAPL,TWAP,275.89367603833875,46.56285524954118,4.139399721360199,0.0,0.042569037606728234,7825,2026-02-04
AAPL,VWAP,276.1829956677316,57.09831906911988,4.58838149214921,0.0,0.04059078148342665,7825,2026-02-04
AAPL,AC_Aggressive,275.9750716677315,49.52684601069013,4.283150207467925,0.0,0.04192916412515599,7825,2026-02-04
AAPL,AC_Balanced,276.25654431948874,59.77656513625584,4.769616930202492,0.0,0.05142814412677038,7825,2026-02-04
AAPL,AC_Urgent,276.3884713482427,64.58063750832022,5.28542476057409,0.0,0.06733795836776427,7825,2026-02-04
AAPL,TWAP,275.40488658146967,-33.118149916496755,4.038702994043929,0.0,0.05110525975858733,7825,2026-02-05
AAPL,VWAP,275.6382770607028,-24.671766265409456,4.8001713644468245,0.0,0.04853380958422114,7825,2026-02-05
AAPL,AC_Aggressive,275.3101936485623,-36.545079939563905,4.25681376781904,0.0,0.04987364612298571,7825,2026-02-05
AAPL,AC_Balanced,275.2038419936101,-40.393938224638774,5.039279231371678,0.0,0.05998000029718239,7825,2026-02-05
AAPL,AC_Urgent,275.3125529201278,-36.45969808146576,5.860501443953886,0.0,0.07881633531501733,7825,2026-02-05
AAPL,TWAP,278.6492669009584,4.2820565893886275,3.580596412407388,0.0,0.051065905445914175,7825,2026-02-06
AAPL,VWAP,278.90032879233223,13.29587529739662,4.049718364491108,0.0,0.04868921053443205,7825,2026-02-06
AAPL,AC_Aggressive,278.854293456869,11.643078985870137,3.7002340954293844,0.0,0.05021295644203746,7825,2026-02-06
AAPL,AC_Balanced,279.3827111437703,30.61474053820179,4.178119536470819,0.0,0.06023223960266166,7825,2026-02-06
AAPL,AC_Urgent,279.56819384025545,37.27408413846334,4.752908059599465,0.0,0.07865758984131083,7825,2026-02-06
AAPL,TWAP,273.26499265175727,-57.30620386841467,3.455975361109019,0.0,0.053612372571280015,7825,2026-02-09
AAPL,VWAP,273.6196254313101,-44.402958915782385,3.9834271809373156,0.0,0.051522280509332,7825,2026-02-09
AAPL,AC_Aggressive,273.340365776358,-54.56376733788626,3.6116511836316265,0.0,0.05311902714801667,7825,2026-02-09
AAPL,AC_Balanced,273.6961513610224,-41.61857779469646,4.204363163827475,0.0,0.06705033933004874,7825,2026-02-09
AAPL,AC_Urgent,274.1120580958466,-26.485891855023702,4.963910523716026,0.0,0.08768575548262864,7825,2026-02-09
AAPL,TWAP,274.07807444089457,-9.547346376481691,3.2677904606335413,0.0,0.06314312144535748,7825,2026-02-10
AAPL,VWAP,274.1274342364216,-7.748126569456781,3.6809109125241593,0.0,0.060708699072132145,7825,2026-02-10
AAPL,AC_Aggressive,274.12851129712453,-7.70886650102609,3.365498094149993,0.0,0.06198180973898537,7825,2026-02-10
AAPL,AC_Balanced,274.311758594249,-1.0292973689063345,3.740979562545379,0.0,0.07681380521539803,7825,2026-02-10
AAPL,AC_Urgent,274.4357105814696,3.488891333989219,4.2087184651144485,0.0,0.09994081775999299,7825,2026-02-10
AAPL,TWAP,278.17666325878594,121.4039792371846,3.8116862459053698,0.0,0.05399598234901093,7825,2026-02-11
AAPL,VWAP,277.23671736741227,87.20423015051715,4.863102523946293,0.0,0.05101824051084383,7825,2026-02-11
AAPL,AC_Aggressive,278.1047888434504,118.78884256518506,3.9049150464304234,0.0,0.05250246161436225,7825,2026-02-11
AAPL,AC_Balanced,277.5524257635784,98.69121895756061,4.283689016044916,0.0,0.06459802664206592,7825,2026-02-11
AAPL,AC_Urgent,276.6646491884984,66.38964033329975,4.712239260453369,0.0,0.08610342327208385,7825,2026-02-11
AAPL,TWAP,265.07158785942494,-274.3907169073512,3.8905997400381804,0.0,0.041766215347405516,7825,2026-02-12
AAPL,VWAP,265.25105298402565,-267.8060516254066,4.232208229415058,0.0,0.04104365864963838,7825,2026-02-12
AAPL,AC_Aggressive,266.25598733546326,-230.93450708845054,4.012534113330994,0.0,0.0427325939028324,7825,2026-02-12
AAPL,AC_Balanced,269.6273747476038,-107.23661484281055,4.461986885950955,0.0,0.0602066500052756,7825,2026-02-12
AAPL,AC_Urgent,271.5585746070288,-36.379925025524784,5.0419546857043285,0.0,0.08528091474799837,7825,2026-02-12
AAPL,TWAP,258.9644517571885,-12.9400714067196,3.7591994958551522,0.0,0.05006105392209548,7825,2026-02-13
AAPL,VWAP,258.61076265814694,-26.580222416828782,4.465746647249155,0.0,0.049614040622403044,7825,2026-02-13
AAPL,AC_Aggressive,259.1826633865815,-4.524659155823452,3.9485024819394585,0.0,0.050566223306907264,7825,2026-02-13
AAPL,AC_Balanced,259.65043125878594,13.51498196355383,4.604409482799381,0.0,0.06392142329915514,7825,2026-02-13
AAPL,AC_Urgent,259.73078678594237,16.61392260911221,5.282593221412507,0.0,0.08207597887179646,7825,2026-02-13
AAPL,TWAP,262.4385722044729,144.51332899241498,3.977864065984558,0.0,0.04870753143812156,7825,2026-02-17
AAPL,VWAP,261.87190485623006,122.60890991610873,4.588264281213839,0.0,0.048618119032299616,7825,2026-02-17
AAPL,AC_Aggressive,261.79506945686904,119.6388520987357,4.122134193332696,0.0,0.04826936125174454,7825,2026-02-17
AAPL,AC_Balanced,260.17879500319486,57.16206905240328,4.650383673489277,0.009878835838719624,0.06164071481121408,7825,2026-02-17
AAPL,AC_Urgent,259.51384378274764,31.458505501156253,5.325175640472826,0.0,0.0842714392560901,7825,2026-02-17
AAPL,TWAP,265.3402281789138,70.98443654099285,3.625974337998826,0.0,0.0838696037435484,7825,2026-02-18
AAPL,VWAP,264.72614517571884,47.67692523610867,4.706563680543381,0.0,0.08424309049946102,7825,2026-02-18
AAPL,AC_Aggressive,265.2779506070287,68.62069222108858,3.6996288364571193,0.0,0.08176934705371308,7825,2026-02-18
AAPL,AC_Balanced,264.9267806389776,55.29204127699528,4.102097194019004,0.0,0.08137500324580565,7825,2026-02-18
AAPL,AC_Urgent,264.4154569840256,35.884759515010245,4.684421251471201,0.0,0.10100731029301888,7825,2026-02-18
MSFT,TWAP,474.3815604944501,28.78206187356014,3.101301119819269,0.0,0.11046130857100381,5946,2026-01-06
MSFT,VWAP,474.07432559704034,22.286885659894562,3.2814205958157414,0.0,0.08820343364727928,5946,2026-01-06
MSFT,AC_Aggressive,473.4395066935756,8.86633781024937,3.224266616805804,0.0,0.11256578385407645,5946,2026-01-06
MSFT,AC_Balanced,472.2159442986881,-17.00068911347996,3.5687726694445407,0.0,0.13546115230417996,5946,2026-01-06
MSFT,AC_Urgent,472.1944120585268,-17.455896823612704,3.896656958358776,0.0,0.17338721725591366,5946,2026-01-06
MSFT,TWAP,486.54648762193085,78.22562906146135,3.3261217607450666,0.0,0.08551461206739074,5946,2026-01-07
MSFT,VWAP,486.75887758156733,82.62503176813097,3.559439388812241,0.0,0.0850300360008616,5946,2026-01-07
MSFT,AC_Aggressive,486.2466236461487,72.0143072600643,3.5418295252827945,0.0,0.0829332255441315,5946,2026-01-07
MSFT,AC_Balanced,484.9207081567439,44.54956173779667,4.074410323773222,0.0,0.11357334298955248,5946,2026-01-07
MSFT,AC_Urgent,483.8561281870164,22.498067362546337,4.625228043248033,0.0,0.15099369335007762,5946,2026-01-07
MSFT,TWAP,477.942590178271,-61.78233476856087,3.2499935327636944,0.0,0.09871469800653508,5946,2026-01-08
MSFT,VWAP,478.21070381769255,-56.207247378682325,3.50426756569809,0.0,0.09328265488523439,5946,2026-01-08
MSFT,AC_Aggressive,478.1461134712411,-57.55032275070127,3.4551508170725427,0.0,0.0981698500581332,5946,2026-01-08
MSFT,AC_Balanced,478.54353234106975,-49.286495015335994,3.9747497142447354,0.0,0.1304882859728463,5946,2026-01-08
MSFT,AC_Urgent,478.8683568449379,-42.53217621474903,4.452121146863423,0.0,0.17000654830783044,5946,2026-01-08
MSFT,TWAP,477.23739112008076,58.32591928378594,3.236851142549412,0.0,0.09630303849396046,5946,2026-01-09
MSFT,VWAP,476.58412122435226,44.55750623242771,3.5355894135300105,0.0,0.09011914210624876,5946,2026-01-09
MSFT,AC_Aggressive,476.4280767574842,41.268689943376735,3.4458757728261977,0.0,0.09354924444166111,5946,2026-01-09
MSFT,AC_Balanced,475.0471914059873,12.16494580899008,3.9389995063195853,0.0,0.12120132084864758,5946,2026-01-09
MSFT,AC_Urgent,474.60798299697274,2.908124347473784,4.332130280340188,0.0,0.1591203099500078,5946,2026-01-09
MSFT,TWAP,479.12474117053483,-17.61068500153229,3.127788258271297,0.0,0.09791087307675862,5946,2026-01-12
MSFT,VWAP,479.23432181298364,-15.32761226427537,3.860101516737724,0.0,0.09417949008220607,5946,2026-01-12
MSFT,AC_Aggressive,479.2512524217964,-14.974869201799246,3.3045988375780375,0.0,0.1015718261733717,5946,2026-01-12
MSFT,AC_Balanced,479.6231549613187,-7.226415369758765,3.813305930399153,0.0,0.1416453868411637,5946,2026-01-12
MSFT,AC_Urgent,479.9408226875209,-0.6079241016732073,4.404584194472013,0.0,0.18136154205741134,5946,2026-01-12
MSFT,TWAP,469.1113674739321,-113.35587412046655,3.390827179592553,0.0,0.07716962071596341,5946,2026-01-13
MSFT,VWAP,469.65360200134575,-101.92814037320974,3.6205957200531804,0.0,0.07361631625293749,5946,2026-01-13
MSFT,AC_Aggressive,469.8279806760849,-98.25306443213444,3.546126965173465,0.0,0.07750917838928661,5946,2026-01-13
MSFT,AC_Balanced,471.5324033804235,-62.331912470705575,3.8789147517349605,0.0,0.10922308530439688,5946,2026-01-13
MSFT,AC_Urgent,473.1158441473259,-28.96048631859105,4.091740852960711,0.0,0.1537905616006355,5946,2026-01-13
MSFT,TWAP,461.41272492431875,-134.32434175088326,3.4298788954230086,0.0,0.07475886043491853,5946,2026-01-14
MSFT,VWAP,461.58218084426494,-130.7011275345138,3.6109883820850524,0.0,0.07240280095586553,5946,2026-01-14
MSFT,AC_Aggressive,462.55986177262025,-109.79688624383144,3.5912826343056787,0.0,0.0791664033279593,5946,2026-01-14
MSFT,AC_Balanced,464.55364416414403,-67.16691670597741,3.966662745745176,0.0,0.11491004072338445,5946,2026-01-14
MSFT,AC_Urgent,465.5323705011771,-46.24032305614145,4.255758291862376,0.0,0.15346318555312718,5946,2026-01-14
MSFT,TWAP,459.01134550958625,-46.378391918741045,3.2901550830270665,0.0,0.08330201772797609,5946,2026-01-15
MSFT,VWAP,459.02943111335355,-45.98620715421609,3.601096182586872,0.0,0.07912440771675712,5946,2026-01-15
MSFT,AC_Aggressive,459.41360161453093,-37.655502828244366,3.4820953841041407,0.0,0.08368896178912656,5946,2026-01-15
MSFT,AC_Balanced,459.7756192566432,-29.805181348641074,3.9466653110033265,0.0,0.11017511866872344,5946,2026-01-15
MSFT,AC_Urgent,459.92420070635706,-26.583205371577545,4.325841315240162,0.0,0.14189942592710597,5946,2026-01-15
MSFT,TWAP,461.02513656239495,47.84233930585913,3.296968616257612,0.0,0.08644297779238136,5946,2026-01-16
MSFT,VWAP,460.37560502859066,33.68608202510393,3.8770207391762055,0.0,0.087565328250876,5946,2026-01-16
MSFT,AC_Aggressive,460.4382880591996,35.05223141470948,3.432735634474979,0.0,0.0870899237617843,5946,2026-01-16
MSFT,AC_Balanced,459.41077774974787,12.658091111723557,3.8168712583729616,0.0,0.11724090482147277,5946,2026-01-16
MSFT,AC_Urgent,459.09845449041364,5.851141512211999,4.245321764837064,0.0,0.1466463402145436,5946,2026-01-16
MSFT,TWAP,454.1390162125799,60.78993488394468,3.464537515761875,0.0,0.08428109341424035,5946,2026-01-20
MSFT,VWAP,453.86828097880925,54.79218922083584,3.910775372542081,0.0,0.08012087640771538,5946,2026-01-20
MSFT,AC_Aggressive,454.07646242852337,59.40414670332794,3.6801303485462644,0.0,0.08341969078857091,5946,2026-01-20
MSFT,AC_Balanced,453.7249360578543,51.616590810490415,4.220854237287277,0.0,0.10975841735554534,5946,2026-01-20
MSFT,AC_Urgent,453.30104409687186,42.225880428243826,4.730914875119876,0.0,0.14108746691962698,5946,2026-01-20
MSFT,TWAP,445.5141654557688,-113.96490647451962,3.713420090987751,0.0,0.06627717895746826,5946,2026-01-21
MSFT,VWAP,445.59686518668,-112.12978538206909,3.9844715627534977,0.0,0.06490979276361943,5946,2026-01-21
MSFT,AC_Aggressive,447.0610915237135,-79.63835396379126,3.761636874895411,0.0,0.07169373005375614,5946,2026-01-21
MSFT,AC_Balanced,449.80654825092495,-18.716202307398344,4.037651839122221,0.0,0.10731033381378814,5946,2026-01-21
MSFT,AC_Urgent,450.4307867137573,-4.8642446620650315,4.492352531948001,0.0,0.14284222232677993,5946,2026-01-21
MSFT,TWAP,449.8117967373024,36.38701735083405,3.307685909504704,0.0,0.08178366549377011,5946,2026-01-22
MSFT,VWAP,449.24721937436937,23.789933511031425,3.581600248174975,0.0,0.0781369779902248,5946,2026-01-22
MSFT,AC_Aggressive,448.94933925327956,17.14350893587069,3.4812206528680454,0.0,0.08086242472186732,5946,2026-01-22
MSFT,AC_Balanced,447.56686168852974,-13.702902792938065,3.924241775183467,0.0,0.10795328267910374,5946,2026-01-22
MSFT,AC_Urgent,447.5279150184999,-14.571897017392477,4.285908518947299,0.0,0.14142265413572921,5946,2026-01-22
MSFT,TWAP,467.0334277161113,286.9665024213042,3.8281708938950043,0.0,0.07093203335570429,5946,2026-01-23
MSFT,VWAP,465.5755379919273,254.85474795815088,4.1381711660549945,0.0,0.06697872881552032,5946,2026-01-23
MSFT,AC_Aggressive,465.3363554490413,249.58646808648456,4.072937195896224,0.0,0.06875904943213565,5946,2026-01-23
MSFT,AC_Balanced,460.9716172384798,153.4479197529004,4.5716566395348694,0.0,0.0960365544101645,5946,2026-01-23
MSFT,AC_Urgent,457.4600934914229,76.1024343663852,4.9352221137673284,0.0,0.13506395319508285,5946,2026-01-23
MSFT,TWAP,472.0259648166834,166.72864928904073,3.453693609246567,0.0,0.08245121160734875,5946,2026-01-26
MSFT,VWAP,471.27431545576854,150.53925365949848,3.7421413585588974,0.0,0.08280257958015626,5946,2026-01-26
MSFT,AC_Aggressive,471.2468181466533,149.94700301822706,3.6978581269207242,0.0,0.08096061448511457,5946,2026-01-26
MSFT,AC_Balanced,469.2979533636056,107.97138959811159,4.290547072575288,0.0,0.10770333957424144,5946,2026-01-26
MSFT,AC_Urgent,467.82046954254974,76.14861243748771,4.8820044191495295,0.0,0.14090362842952706,5946,2026-01-26
MSFT,TWAP,480.19957695930026,57.37832600116066,3.3932644151337437,0.0,0.0755574954462986,5946,2026-01-27
MSFT,VWAP,479.88887440296014,50.8709209431335,3.686574282727934,0.0,0.07654059601129155,5946,2026-01-27
MSFT,AC_Aggressive,479.42958604103615,41.251510518307555,3.6260419172348843,0.0,0.07606894726295192,5946,2026-01-27
MSFT,AC_Balanced,478.07174179280173,12.812598933353847,4.251971585440555,0.0,0.10323154739483781,5946,2026-01-27
MSFT,AC_Urgent,477.6033227884292,3.0019548426296616,4.874114678557196,0.0,0.13416064496147914,5946,2026-01-27
MSFT,TWAP,480.12514547595026,-20.989208209285515,3.3962885540217336,0.0,0.07796342182018903,5946,2026-01-28
MSFT,VWAP,480.5065331987892,-13.062374470357296,3.8074456330925512,0.0,0.07512403482474901,5946,2026-01-28
MSFT,AC_Aggressive,480.1670812142612,-20.117607983574093,3.4962071521534064,0.0,0.08176721466564287,5946,2026-01-28
MSFT,AC_Balanced,480.5255099730909,-12.667957645214889,3.82100813652969,0.0,0.11696540657567966,5946,2026-01-28
MSFT,AC_Urgent,480.8318500168182,-6.300928900486724,4.234367374663789,0.0,0.15578702401738073,5946,2026-01-28
MSFT,TWAP,425.6699148671376,-146.5297484458883,4.370663128651683,0.0,0.04427190392551388,5946,2026-01-29
MSFT,VWAP,427.83510526404314,-96.40960036937152,6.4170902318396195,0.0,0.04527086369931363,5946,2026-01-29
MSFT,AC_Aggressive,426.288022065254,-132.22171145245375,4.9583403408453774,0.0,0.043403361737060296,5946,2026-01-29
MSFT,AC_Balanced,428.4357419105281,-82.50597429333095,6.565902536407913,0.0,0.058748255908152074,5946,2026-01-29
MSFT,AC_Urgent,430.7218712075343,-29.58631464040962,8.245525314247962,0.0,0.07923199225119006,5946,2026-01-29
MSFT,TWAP,435.19213178607464,-20.703503413275204,4.9465857033754705,0.0,0.17058829100816744,5946,2026-01-30
MSFT,VWAP,435.43492125798855,-15.136150629264655,5.794380651453282,0.0,0.1811647581091458,5946,2026-01-30
MSFT,AC_Aggressive,435.1970840733266,-20.58994358713373,4.967796485163756,0.0,0.17017101708274984,5946,2026-01-30
MSFT,AC_Balanced,435.23748017154395,-19.663629410078265,5.138466148443862,0.0,0.1684568002636061,5946,2026-01-30
MSFT,AC_Urgent,435.33781138580565,-17.362956070993143,5.626911887970282,0.0,0.17940619147344836,5946,2026-01-30
MSFT,TWAP,424.09787741338715,-4.999178582335562,3.3631103524617316,0.0,0.13638255838128008,5946,2026-02-02
MSFT,VWAP,424.1690999159098,-3.3206298106258636,3.1730548525465725,0.0,0.1599411167721999,5946,2026-02-02
MSFT,AC_Aggressive,424.10155911537163,-4.912409427575426,3.3536174865118507,0.0,0.13640990734775818,5946,2026-02-02
MSFT,AC_Balanced,424.1286134544231,-4.274801565230524,3.2918444945164804,0.0,0.14605933622254932,5946,2026-02-02
MSFT,AC_Urgent,424.22237070299366,-2.065161228919088,3.185183524699637,0.0,0.18378703749330014,5946,2026-02-02
MSFT,TWAP,412.02886757484004,-108.65612417383818,3.7298392184781446,0.0,0.056245145323373165,5946,2026-02-03
MSFT,VWAP,412.6273877060209,-94.28779005938748,4.179404714979119,0.0,0.05546390667431573,5946,2026-02-03
MSFT,AC_Aggressive,412.9112044567776,-87.47436192271807,3.9125723515866615,0.0,0.05785001541639709,5946,2026-02-03
MSFT,AC_Balanced,414.6258665489405,-46.311439323984956,4.466464497657318,0.0,0.08161501250250003,5946,2026-02-03
MSFT,AC_Urgent,415.69877130844264,-20.5548218697027,5.138067304262212,0.0,0.11149829924589244,5946,2026-02-03
MSFT,TWAP,415.4463002690886,68.98434618197501,4.05817483083853,0.0,0.0663875989050932,5946,2026-02-04
MSFT,VWAP,415.0444593003699,59.24510811182504,4.531370407487835,0.0,0.06335130477948318,5946,2026-02-04
MSFT,AC_Aggressive,415.03132357887654,58.926743562648376,4.380758153571097,0.0,0.06530050044439262,5946,2026-02-04
MSFT,AC_Balanced,414.1129849983182,36.66938614690585,5.041597440884946,0.0,0.0876608155001363,5946,2026-02-04
MSFT,AC_Urgent,413.3004418768921,16.9761454923667,5.3578016519157226,0.0,0.11964645603377268,5946,2026-02-04
MSFT,TWAP,400.8508736966027,-119.52522466166404,4.165084021614678,0.0,0.05530921833828891,5946,2026-02-05
MSFT,VWAP,400.2319110494451,-134.78188299377524,4.894141615501072,0.0,0.053307387940261255,5946,2026-02-05
MSFT,AC_Aggressive,401.6802079044735,-99.08316937654926,4.581285661611214,0.0,0.05662415021279794,5946,2026-02-05
MSFT,AC_Balanced,402.4918039858727,-79.07833681605526,5.6767582252116915,0.0,0.0765350874345415,5946,2026-02-05
MSFT,AC_Urgent,403.24429223007076,-60.530438823535036,6.7387771310953095,0.0,0.10290585548924333,5946,2026-02-05
MSFT,TWAP,398.3420043390512,33.80363574436274,3.8576406804819965,0.0,0.06221738721540509,5946,2026-02-06
MSFT,VWAP,398.04893435923316,26.421520383705932,4.580138119651115,0.0,0.06013017239106732,5946,2026-02-06
MSFT,AC_Aggressive,397.80518099562727,20.281637169452527,4.208595241302687,0.0,0.0611447612899584,5946,2026-02-06
MSFT,AC_Balanced,397.2128377396567,5.361152132410396,5.085420336343606,0.0,0.0829399947980056,5946,2026-02-06
MSFT,AC_Urgent,397.6377820887991,16.065040020127874,5.916133530913374,0.0,0.11171110947286389,5946,2026-02-06
MSFT,TWAP,412.2546122771613,172.84669406937292,3.6375082922946937,0.0,0.06940772525424412,5946,2026-02-09
MSFT,VWAP,411.94387154389483,165.1788166291146,4.2756181325952465,0.0,0.07855648398820415,5946,2026-02-09
MSFT,AC_Aggressive,411.3456562226708,150.4171800782439,3.966419552655026,0.0,0.06854078231944122,5946,2026-02-09
MSFT,AC_Balanced,409.46822759838534,104.08951507428377,4.895592306908731,0.0,0.08936401290401179,5946,2026-02-09
MSFT,AC_Urgent,408.2614931550624,74.31198408543781,5.88853039477466,0.0,0.11717424743731535,5946,2026-02-09
MSFT,TWAP,418.40231913891694,23.773159917146458,3.6594251356352525,0.0,0.07265665637493174,5946,2026-02-10
MSFT,VWAP,418.46097625294334,25.178423650926707,4.179486242151297,0.0,0.06872945466637387,5946,2026-02-10
MSFT,AC_Aggressive,419.3153751765892,45.647480840498304,3.934151973115744,0.0,0.07115620503967766,5946,2026-02-10
MSFT,AC_Balanced,420.0428975109315,63.07692258744835,4.631978688924714,0.0,0.09249734517422485,5946,2026-02-10
MSFT,AC_Urgent,419.1960019340734,42.78762502802458,5.2229526404895985,0.0,0.12221425930267472,5946,2026-02-10
MSFT,TWAP,404.6259822401615,-188.50658999462144,3.700782036023386,0.0,0.06494271363252528,5946,2026-02-11
MSFT,VWAP,405.18421641439625,-174.97035860527532,4.065077512814091,0.0,0.07379175376554148,5946,2026-02-11
MSFT,AC_Aggressive,405.0796281533805,-177.50644644629497,4.0241335232586835,0.0,0.06407489680214737,5946,2026-02-11
MSFT,AC_Balanced,406.72043604103624,-137.71963965823363,4.790222483210594,0.0,0.0878807273828932,5946,2026-02-11
MSFT,AC_Urgent,408.5733389001008,-92.78988974340541,5.4708551382688775,0.0,0.11833261571032211,5946,2026-02-11
MSFT,TWAP,402.88373538513287,-0.1558555207703538,3.85075200687854,0.0,0.06371974360878337,5946,2026-02-12
MSFT,VWAP,402.0313376555669,-21.31293806375112,3.8348686149500506,0.0,0.06559861738191365,5946,2026-02-12
MSFT,AC_Aggressive,402.30464641776,-14.529231537006027,4.025114498561122,0.0,0.06499375444111925,5946,2026-02-12
MSFT,AC_Balanced,401.87889397914563,-25.09669221199662,4.495500837446679,0.0,0.09578374100208499,5946,2026-02-12
MSFT,AC_Urgent,402.2963101580894,-14.736143085257725,4.974131512484271,0.0,0.1301549002132222,5946,2026-02-12
MSFT,TWAP,402.52562610158105,26.29399152285883,3.842169956503199,0.0,0.07490467798937457,5946,2026-02-13
MSFT,VWAP,402.18425827447027,17.79104420243982,4.388011280269905,0.0,0.07033687001206274,5946,2026-02-13
MSFT,AC_Aggressive,402.4130987891019,23.491109311559732,4.168020051431735,0.0,0.07209545932686928,5946,2026-02-13
MSFT,AC_Balanced,402.39660100908185,23.080174995921965,4.883687985064115,0.0,0.09763396313512214,5946,2026-02-13
MSFT,AC_Urgent,402.6173631012444,28.579019031376163,5.368452052495323,0.0,0.13285727551140036,5946,2026-02-13
MSFT,TWAP,397.407641876892,-49.385622259663364,3.638249400247644,0.0,0.07432896613782682,5946,2026-02-17
MSFT,VWAP,397.4956104439959,-47.18299403520643,4.053267884056773,0.0,0.07149746668574458,5946,2026-02-17
MSFT,AC_Aggressive,397.53493181971083,-46.19843358565356,3.912956221730987,0.0,0.07469153618971117,5946,2026-02-17
MSFT,AC_Balanced,397.6339223511604,-43.719828491776134,4.5618766048165185,0.0,0.10229991915911169,5946,2026-02-17
MSFT,AC_Urgent,397.76977564749404,-40.31822363743331,5.101099544817162,0.0,0.1363267605835649,5946,2026-02-17
MSFT,TWAP,400.93009197780026,95.6887429371922,3.4773337830457844,0.0,0.11625923426773548,5946,2026-02-18
MSFT,VWAP,400.3269507568115,80.50124228065725,3.883629372756582,0.0,0.10951432092893297,5946,2026-02-18
MSFT,AC_Aggressive,400.72005447359567,90.39985764466519,3.601352610903628,0.0,0.11150344995214123,5946,2026-02-18
MSFT,AC_Balanced,399.8669325933401,68.91767624899626,4.0986772156325175,0.0,0.12434914947565703,5946,2026-02-18
MSFT,AC_Urgent,398.99427070299356,46.94346428774976,4.607097238800431,0.0,0.16654096030230556,5946,2026-02-18
NVDA,TWAP,188.93783949110468,-70.01444008213898,3.6133950247740008,0.0,0.06330148168094009,29004,2026-01-06
NVDA,VWAP,189.3805713625707,-46.74582908068881,3.992495400702284,0.0,0.05574212487065131,29004,2026-01-06
NVDA,AC_Aggressive,189.38541611846642,-46.49120376997607,3.8598528524591327,0.0,0.06192594946272711,29004,2026-01-06
NVDA,AC_Balanced,190.38259753827066,5.917552072396415,4.495721658524772,0.0,0.07629139112533613,29004,2026-01-06
NVDA,AC_Urgent,190.78622879947594,27.131156536674972,4.933722936511002,0.0,0.1009322813409286,29004,2026-01-06
NVDA,TWAP,189.78387011791477,95.15545877230247,3.8085544429559537,0.0,0.06604052165763798,29004,2026-01-07
NVDA,VWAP,189.72509318025104,92.02894268462103,4.5630651058268805,0.0,0.06088353879914965,29004,2026-01-07
NVDA,AC_Aggressive,189.81409626948022,96.76327559458464,4.111106974047731,0.0,0.06380709453517616,29004,2026-01-07
NVDA,AC_Balanced,189.6980419907599,90.59001131975775,4.91255848697195,0.0,0.07828714093139334,29004,2026-01-07
NVDA,AC_Urgent,189.28805016894228,68.78135510728578,5.516187191105377,0.0,0.10556381874984444,29004,2026-01-07
NVDA,TWAP,185.12028617776858,-164.42420744021467,3.7349323573525415,0.0,0.0561844088745447,29004,2026-01-08
NVDA,VWAP,185.4014288374017,-149.48689292737848,3.8040935310039066,0.0,0.06310272444955994,29004,2026-01-08
NVDA,AC_Aggressive,185.40914841056406,-149.07674637622438,3.983256783261015,0.0,0.05571875478000815,29004,2026-01-08
NVDA,AC_Balanced,186.2012063508481,-106.9941304478883,4.5898802360621564,0.0,0.07357023281870938,29004,2026-01-08
NVDA,AC_Urgent,186.834785270997,-73.3316204207135,4.990870327765928,0.0,0.10243144429373785,29004,2026-01-08
NVDA,TWAP,185.29403940835746,67.86607904799347,3.6423286253922122,0.0,0.06467784563534794,29004,2026-01-09
NVDA,VWAP,185.1817032478279,61.76234563240568,4.0902082769661945,0.0,0.0625722043086337,29004,2026-01-09
NVDA,AC_Aggressive,185.18077843400914,61.71209630055907,3.907491438183083,0.0,0.06410403964045834,29004,2026-01-09
NVDA,AC_Balanced,184.95696093987033,49.551076095415425,4.679375712218066,0.0,0.08352558352431948,29004,2026-01-09
NVDA,AC_Urgent,184.87881048820861,45.30480738726084,5.373965714779251,0.0,0.11220464319452225,29004,2026-01-09
NVDA,TWAP,185.80736692869948,48.52973061586718,3.5516575024947703,0.0,0.06340681954213351,29004,2026-01-12
NVDA,VWAP,185.6408778444352,39.52594061170211,3.996071513116409,0.0,0.0616720116146951,29004,2026-01-12
NVDA,AC_Aggressive,185.54249546269483,34.20538575842569,3.7478582378475402,0.0,0.0629936279721648,29004,2026-01-12
NVDA,AC_Balanced,185.06755739897937,8.520563179366114,4.370740800470008,0.0,0.08500129990727633,29004,2026-01-12
NVDA,AC_Urgent,185.0907357398979,9.774056254889807,5.138268381339057,0.0,0.11402260041004375,29004,2026-01-12
NVDA,TWAP,185.1693560370983,30.299302578269405,3.7063993210052115,0.0,0.05913236165189168,29004,2026-01-13
NVDA,VWAP,185.26789328368503,35.636892430439545,4.029673786930646,0.0,0.05725167539767825,29004,2026-01-13
NVDA,AC_Aggressive,185.1043236898359,26.77661436812917,3.8770804697439307,0.0,0.058888451398882914,29004,2026-01-13
NVDA,AC_Balanced,184.7535738208523,7.777109042090835,4.29065402245698,0.0,0.08286990918012514,29004,2026-01-13
NVDA,AC_Urgent,184.52446133981516,-4.633512282844476,4.659246116942907,0.0,0.11336055842291987,29004,2026-01-13
NVDA,TWAP,182.02896745966072,-76.37928757904366,3.780297120474699,0.0,0.06054636811206997,29004,2026-01-14
NVDA,VWAP,182.18116398427802,-68.08203354783826,4.3060946761547365,0.0,0.05896090244555091,29004,2026-01-14
NVDA,AC_Aggressive,182.0266046131568,-76.50810220033111,3.9545103810541917,0.0,0.05991612906284003,29004,2026-01-14
NVDA,AC_Balanced,182.12104449386302,-71.3595504652198,4.523022468175884,0.0,0.07770059912404824,29004,2026-01-14
NVDA,AC_Urgent,182.36391694249073,-58.11894324036948,5.153562257721078,0.0,0.10277745940040418,29004,2026-01-14
NVDA,TWAP,188.3933453523652,67.78064675298401,3.81259001246183,0.0,0.05560332267533965,29004,2026-01-15
NVDA,VWAP,188.26107528271962,60.712105956959306,4.1921658791309575,0.0,0.054058007984923585,29004,2026-01-15
NVDA,AC_Aggressive,188.32204563163702,63.970374436179696,3.9910649230239748,0.0,0.05508668235209503,29004,2026-01-15
NVDA,AC_Balanced,188.1504158426425,54.798441824581715,4.499202054179502,0.0,0.07282859747923372,29004,2026-01-15
NVDA,AC_Urgent,188.08564020824716,51.33681807599988,4.918944679226301,0.0,0.09400403344245571,29004,2026-01-15
NVDA,TWAP,188.12328067507926,-61.2693192993663,3.4664524327989166,0.0,0.061512422192063924,29004,2026-01-16
NVDA,VWAP,188.3914461798373,-47.10188228636003,3.946428234164481,0.0,0.06098600710832271,29004,2026-01-16
NVDA,AC_Aggressive,188.29490163770515,-52.20242167467859,3.643766883697113,0.0,0.0604688817028459,29004,2026-01-16
NVDA,AC_Balanced,188.82684707281751,-24.099241688457784,4.139544245096997,0.0,0.07783493279347027,29004,2026-01-16
NVDA,AC_Urgent,189.38137247965798,5.1968595405660345,4.497315243845454,0.0,0.09949937251433916,29004,2026-01-16
NVDA,TWAP,179.8672653978761,-122.06771292860962,3.7643489291289507,0.0,0.05438015635426462,29004,2026-01-20
NVDA,VWAP,180.09271308440216,-109.68659968460082,4.364878538783765,0.0,0.05230643952822082,29004,2026-01-20
NVDA,AC_Aggressive,180.10127542063157,-109.21637416965724,3.9802222447952973,0.0,0.053216436155850894,29004,2026-01-20
NVDA,AC_Balanced,180.54455636808714,-84.87231593633071,4.6900707377059145,0.0,0.06933810757855857,29004,2026-01-20
NVDA,AC_Urgent,180.72965377878913,-74.70715505849212,5.522501797551445,0.0,0.09153892001776069,29004,2026-01-20
NVDA,TWAP,181.74298838780865,139.36195367619587,4.152171524833684,0.0,0.05468469757922455,29004,2026-01-21
NVDA,VWAP,181.91374792787204,148.88855384440402,4.513330275483494,0.0,0.05381469277047947,29004,2026-01-21
NVDA,AC_Aggressive,181.41831756309472,121.24871015150696,4.243644172826615,0.0,0.05576648113995405,29004,2026-01-21
NVDA,AC_Balanced,180.7939473451939,86.41536836181851,4.595848971706762,0.0,0.07785090787538543,29004,2026-01-21
NVDA,AC_Urgent,180.25408473658803,56.296669189608295,5.092163344503993,0.0,0.10567259603826827,29004,2026-01-21
NVDA,TWAP,184.91560783340222,6.255669899097871,3.572074042150409,0.0,0.05977605020392951,29004,2026-01-22
NVDA,VWAP,184.9989963177493,10.768033696175738,3.711795774000081,0.0,0.06315015558566726,29004,2026-01-22
NVDA,AC_Aggressive,184.96450063784303,8.901384381425625,3.811545038165346,0.0,0.05953854751371702,29004,2026-01-22
NVDA,AC_Balanced,184.9538374224245,8.324370569603445,4.544501101383998,0.0,0.07911451551493738,29004,2026-01-22
NVDA,AC_Urgent,184.86861183629836,3.712596504736876,5.27089925450182,0.0,0.10402804397338175,29004,2026-01-22
NVDA,TWAP,187.76899862777546,18.621303075434525,3.659852383220519,0.0,0.06397875319785226,29004,2026-01-23
NVDA,VWAP,187.7273132705835,16.39713502510798,4.543868610404025,0.0,0.06287884933401844,29004,2026-01-23
NVDA,AC_Aggressive,187.75918087160397,18.097465903981202,3.8697244894295815,0.0,0.06394012135116837,29004,2026-01-23
NVDA,AC_Balanced,187.71092128671904,15.522522709208175,4.529446054303946,0.0,0.0830091688030281,29004,2026-01-23
NVDA,AC_Urgent,187.64001722865828,11.73935875907084,5.341754215571424,0.0,0.1058006706256284,29004,2026-01-23
NVDA,TWAP,186.88478847055578,-60.37174818785074,3.4032605843881067,0.0,0.06569161571573431,29004,2026-01-26
NVDA,VWAP,187.13161110881262,-47.24427383061558,3.8999938545369726,0.0,0.06330463342521393,29004,2026-01-26
NVDA,AC_Aggressive,187.05694263549864,-51.21558082111566,3.600287020739867,0.0,0.06456973220553007,29004,2026-01-26
NVDA,AC_Balanced,187.49221044338714,-28.06548799761943,4.166491616135944,0.0,0.08192977011271511,29004,2026-01-26
NVDA,AC_Urgent,187.81915590952977,-10.676612109600248,4.731183374173451,0.0,0.10745491214939512,29004,2026-01-26
NVDA,TWAP,189.2384163563646,152.54765518003532,3.4569471285915254,0.0,0.062284036135708966,29004,2026-01-27
NVDA,VWAP,188.96164766583914,137.69915150871893,3.7272478591842573,0.0,0.060303717500394406,29004,2026-01-27
NVDA,AC_Aggressive,189.03507517239007,141.63850100134877,3.6370088860646512,0.0,0.061910761055781624,29004,2026-01-27
NVDA,AC_Balanced,188.29485322714112,101.92595891159728,4.111760035821224,0.0,0.08173392446948471,29004,2026-01-27
NVDA,AC_Urgent,187.42179529720045,55.086831792905414,4.451490301230881,0.0,0.11291275212125623,29004,2026-01-27
NVDA,TWAP,191.57298787063854,13.75160702713929,3.6589846005076,0.0,0.06001529157631537,29004,2026-01-28
NVDA,VWAP,191.5648480761275,13.326130130466574,4.11032028249635,0.0,0.05819416151592312,29004,2026-01-28
NVDA,AC_Aggressive,191.55548857398986,12.83689764203677,3.812028009433994,0.0,0.0598608424459457,29004,2026-01-28
NVDA,AC_Balanced,191.62105472693423,16.264119698292667,4.3187545201244735,0.0,0.0793318856636313,29004,2026-01-28
NVDA,AC_Urgent,191.7406280926769,22.514364039483148,4.932874539269103,0.0,0.10486879682456242,29004,2026-01-28
NVDA,TWAP,189.70952678596055,-162.8456944859713,4.024638531173924,0.0,0.05626234240822298,29004,2026-01-29
NVDA,VWAP,189.8098282202454,-157.64468690959487,4.57023481029838,0.0,0.05451636280239202,29004,2026-01-29
NVDA,AC_Aggressive,189.48989669700745,-174.2343427619375,4.3386145073837685,0.0,0.05485318704741918,29004,2026-01-29
NVDA,AC_Balanced,189.59838978072008,-168.60856727430874,5.264586191919945,0.0,0.073058322955477,29004,2026-01-29
NVDA,AC_Urgent,190.5694394255966,-118.25598163034967,6.144387567917108,0.0,0.10195047738634344,29004,2026-01-29
NVDA,TWAP,192.32575519928284,-2.8199231808268,5.058102851819693,0.0,0.1655379603916117,29004,2026-01-30
NVDA,VWAP,192.37905285477865,-0.04948684944827697,5.333489576622041,0.0,0.16782012527142262,29004,2026-01-30
NVDA,AC_Aggressive,192.32645319955867,-2.783640809576049,5.061472154452963,0.0,0.16463129539043092,29004,2026-01-30
NVDA,AC_Balanced,192.33296899737965,-2.4449466804776776,5.090254601415891,0.0,0.16503256499681418,29004,2026-01-30
NVDA,AC_Urgent,192.35711481519792,-1.1898361073714447,5.1970955463533235,0.0,0.17482791631192063,29004,2026-01-30
NVDA,TWAP,187.8851870224797,-114.47995975442993,3.6611142751577352,0.0,0.1201241670615886,29004,2026-02-02
NVDA,VWAP,188.67173366087434,-73.0960556816329,3.7378485600843887,0.0,0.14737118738282012,29004,2026-02-02
NVDA,AC_Aggressive,187.96410468211278,-110.32773190616129,3.6505202273096904,0.0,0.1211229826000211,29004,2026-02-02
NVDA,AC_Balanced,188.4824778030617,-83.05369313453492,3.576851685681425,0.0,0.13283375919072662,29004,2026-02-02
NVDA,AC_Urgent,189.3249054233899,-38.729628767425474,3.4336506348039255,0.0,0.1741607044739671,29004,2026-02-02
NVDA,TWAP,179.69935932629977,-242.74037881917843,4.254526327614102,0.0,0.05113518960710025,29004,2026-02-03
NVDA,VWAP,179.9526841366708,-228.98542747965655,4.447977283255185,0.0,0.05549487979430561,29004,2026-02-03
NVDA,AC_Aggressive,180.1949855881947,-215.82901903184015,4.475113022375777,0.0,0.05259559596015411,29004,2026-02-03
NVDA,AC_Balanced,181.4757683112674,-146.2854792318391,5.181269384911448,0.0,0.07174655726075947,29004,2026-02-03
NVDA,AC_Urgent,182.557694907599,-87.53936721983547,5.870099685663056,0.0,0.0981634192635244,29004,2026-02-03
NVDA,TWAP,175.17353469866222,-157.13134252176354,4.6388867370262865,0.0,0.05270095529043159,29004,2026-02-04
NVDA,VWAP,175.39359397669293,-144.76637783550683,4.935689704863725,0.0,0.051719716406616,29004,2026-02-04
NVDA,AC_Aggressive,175.6728209695214,-129.0768239268003,4.900150065524426,0.0,0.05374748094699842,29004,2026-02-04
NVDA,AC_Balanced,177.14263967728579,-46.488820460888206,5.618430489598359,0.0,0.07751360978441976,29004,2026-02-04
NVDA,AC_Urgent,178.20549328023722,13.232121027073607,6.277332884468155,0.0,0.11102839052276825,29004,2026-02-04
NVDA,TWAP,173.83042878913255,-81.56828497718705,4.623034900693786,0.0,0.05658122578719618,29004,2026-02-05
NVDA,VWAP,173.83333420217897,-81.40250766704882,5.181172920630121,0.0,0.05500703322203796,29004,2026-02-05
NVDA,AC_Aggressive,173.8948307612743,-77.89363165296548,4.984634919883815,0.0,0.05559740461539616,29004,2026-02-05
NVDA,AC_Balanced,174.0231705592333,-70.57080830584982,5.90380245683094,0.0,0.07261430427241941,29004,2026-02-05
NVDA,AC_Urgent,174.48761943869803,-44.07024377190538,6.4784260224982235,0.0,0.09874448443118222,29004,2026-02-05
NVDA,TWAP,183.85184222176244,359.01149433342994,4.28460040837871,0.0,0.05861082291805964,29004,2026-02-06
NVDA,VWAP,183.03243806371535,312.8427043493964,5.055857815758032,0.0,0.05467833580863269,29004,2026-02-06
NVDA,AC_Aggressive,183.17460263067156,320.85287365414496,4.618977399790031,0.0,0.05654851579193156,29004,2026-02-06
NVDA,AC_Balanced,181.3903905219969,220.3226123375579,5.615289705963851,0.0,0.07116164022173911,29004,2026-02-06
NVDA,AC_Urgent,180.01044681423258,142.57058898268227,6.558849610093947,0.0,0.09637963899373576,29004,2026-02-06
NVDA,TWAP,191.29836755964698,213.43553429391758,4.433894999361331,0.0,0.05903410803308378,29004,2026-02-09
NVDA,VWAP,191.04842767894084,200.09122356295705,5.973102863194912,0.0,0.056555309093189454,29004,2026-02-09
NVDA,AC_Aggressive,191.3625353089229,216.8614556907955,4.808678501611487,0.0,0.057057106650480846,29004,2026-02-09
NVDA,AC_Balanced,191.26610851951472,211.713221495371,6.209266170764559,0.0,0.0695972595520983,29004,2026-02-09
NVDA,AC_Urgent,190.81580670941938,187.67157092064446,7.824084213158652,0.0,0.08707752289096113,29004,2026-02-09
NVDA,TWAP,189.46755596469444,-71.1353861001729,3.6984468172057845,0.0,0.06579846706526936,29004,2026-02-10
NVDA,VWAP,189.54432260722655,-67.11250420525339,4.270502528208388,0.0,0.06240261181883983,29004,2026-02-10
NVDA,AC_Aggressive,189.50189820024823,-69.33571435364993,3.9311428518852005,0.0,0.06348758711855673,29004,2026-02-10
NVDA,AC_Balanced,189.5418382740311,-67.24269329133614,4.618417338658472,0.0,0.07949969053117208,29004,2026-02-10
NVDA,AC_Urgent,189.65325172734794,-61.40417867854464,5.304354803414021,0.0,0.10477970534940804,29004,2026-02-10
NVDA,TWAP,191.42840270652326,-21.45504791620345,3.973444350138482,0.0,0.06270471254277635,29004,2026-02-11
NVDA,VWAP,191.35344491104672,-25.362355928475466,4.58333334893737,0.0,0.0593818194534384,29004,2026-02-11
NVDA,AC_Aggressive,191.36755836091564,-24.62666732660268,4.299847740493151,0.0,0.05985341183078803,29004,2026-02-11
NVDA,AC_Balanced,191.29946946972842,-28.175921522129997,5.157879877833814,0.0,0.07545442094532447,29004,2026-02-11
NVDA,AC_Urgent,191.52560439249763,-16.38823766652142,5.869986164997734,0.0,0.10209292025369593,29004,2026-02-11
NVDA,TWAP,189.5324494380086,-137.7637287269129,4.189387898502687,0.0,0.05660345362607807,29004,2026-02-12
NVDA,VWAP,189.72497530340638,-127.74573139445522,4.4864193684728635,0.0,0.055108832675658574,29004,2026-02-12
NVDA,AC_Aggressive,189.9331943249207,-116.91114769949218,4.349049153417656,0.0,0.05656488160533172,29004,2026-02-12
NVDA,AC_Balanced,190.92528311267412,-65.2882511669095,4.756943787020317,0.0,0.07687152555444145,29004,2026-02-12
NVDA,AC_Urgent,191.63385215142733,-28.418178018940754,5.127576054595858,0.0,0.10571532381126371,29004,2026-02-12
NVDA,TWAP,183.79633264377324,-106.88145577505969,4.357148362273591,0.0,0.06096257072303378,29004,2026-02-13
NVDA,VWAP,183.74722819266307,-109.52457791408298,5.162541992631833,0.0,0.057678120640145665,29004,2026-02-13
NVDA,AC_Aggressive,183.85804475589575,-103.55970701075967,4.761376238204454,0.0,0.05869827105844573,29004,2026-02-13
NVDA,AC_Balanced,183.96747769273196,-97.66931191315109,5.952457990663247,0.0,0.07257803270984779,29004,2026-02-13
NVDA,AC_Urgent,184.20093585022752,-85.10306973629311,7.034676684094424,0.0,0.09679291839329757,29004,2026-02-13
NVDA,TWAP,184.0791240449593,93.16367565833428,4.326830467244778,0.0,0.05936443500876966,29004,2026-02-17
NVDA,VWAP,183.59434417666526,66.58291815668127,4.682716874055019,0.0,0.05752068045997887,29004,2026-02-17
NVDA,AC_Aggressive,183.33620672665842,52.42909410273944,4.612174783432604,0.0,0.05850068902982937,29004,2026-02-17
NVDA,AC_Balanced,181.7891924010483,-32.39458635522219,5.3223312634746085,0.0,0.07860542116320657,29004,2026-02-17
NVDA,AC_Urgent,181.4164739794512,-52.830950628628415,5.845796489076913,0.0,0.10607326166520636,29004,2026-02-17
NVDA,TWAP,189.36499040132404,70.73080614312666,3.8548949837540842,0.0,0.08493871833671178,29004,2026-02-18
NVDA,VWAP,189.30678477451391,67.63533850802972,4.0550502068721626,0.0,0.0862499220748709,29004,2026-02-18
NVDA,AC_Aggressive,189.33616380844023,69.19776217139795,3.9754355147890594,0.0,0.08186653002281011,29004,2026-02-18
NVDA,AC_Balanced,189.14489817956147,59.02595239376307,4.5299146231702,0.0,0.0864257638291754,29004,2026-02-18
NVDA,AC_Urgent,188.7655926837678,38.85388398062739,5.199167606515346,0.0,0.11371240685649896,29004,2026-02-18
SPY,TWAP,690.8523868765329,36.061882083091575,2.7220961020227383,0.0,0.023285481785294607,19568,2026-01-06
SPY,VWAP,690.6277257512262,32.7982138973737,2.7611866038273964,0.0,0.021486821301561636,19568,2026-01-06
SPY,AC_Aggressive,690.7859109362224,35.0961813584516,2.727942416745204,0.0,0.022984071781820752,19568,2026-01-06
SPY,AC_Balanced,690.3968798242028,29.44469865613808,2.7658376719843756,0.0,0.02283485155823986,19568,2026-01-06
SPY,AC_Urgent,689.8917697209732,22.106928172060947,2.8307410452684376,0.0,0.027363202785303183,19568,2026-01-06
SPY,TWAP,692.4260362326244,8.118012231053129,2.8085662900894253,0.0,0.021373423247014106,19568,2026-01-07
SPY,VWAP,691.9485747700325,1.2169276185924893,2.8557838266376097,0.0,0.02027595252659911,19568,2026-01-07
SPY,AC_Aggressive,692.4488581970563,8.447874052177617,2.8116353376351113,0.0,0.021474986192264893,19568,2026-01-07
SPY,AC_Balanced,692.5418980836058,9.79264463518259,2.833421512691671,0.0,0.02302768049941658,19568,2026-01-07
SPY,AC_Urgent,692.5532913532298,9.95731953326029,2.8762736891929794,0.0,0.029473345120970076,19568,2026-01-07
SPY,TWAP,689.5186265228945,16.322125520453756,2.9220117920764386,0.0,0.02293379494741245,19568,2026-01-08
SPY,VWAP,689.4470125613245,15.281822212933616,3.0023836339170975,0.0,0.02162211520457034,19568,2026-01-08
SPY,AC_Aggressive,689.5130755723629,16.24148939767478,2.9309980863126275,0.0,0.022631579302453943,19568,2026-01-08
SPY,AC_Balanced,689.4689496933768,15.60049290969756,2.9882750406119567,0.0,0.022693343836125916,19568,2026-01-08
SPY,AC_Urgent,689.3319540780867,13.610420183962635,3.0853314725359273,0.0,0.02685970312066978,19568,2026-01-08
SPY,TWAP,693.8361154435817,42.206516030158795,2.871155569707287,0.0,0.022327199444186808,19568,2026-01-09
SPY,VWAP,693.3800355529436,35.60546378215346,2.984780483694791,0.0,0.02112038776823386,19568,2026-01-09
SPY,AC_Aggressive,693.7556986150855,41.042606598020726,2.885752547168183,0.0,0.022219136692304083,19568,2026-01-09
SPY,AC_Balanced,693.2517943172528,33.74936989483102,2.9805496901261836,0.0,0.02210389934312773,19568,2026-01-09
SPY,AC_Urgent,692.4556546351184,22.226477203539652,3.1375735224069876,0.0,0.02603883322140468,19568,2026-01-09
SPY,TWAP,694.7978878168437,42.17325133605287,2.759569094618364,0.0,0.023002933624360802,19568,2026-01-12
SPY,VWAP,694.5367141199919,38.398410395301674,2.8516384417033267,0.0,0.02187062468672385,19568,2026-01-12
SPY,AC_Aggressive,694.7410808053965,41.35219839267678,2.7672840110267267,0.0,0.0228818733276936,19568,2026-01-12
SPY,AC_Balanced,694.3875071136549,36.24186583144784,2.8189174463093187,0.0,0.023214549091050935,19568,2026-01-12
SPY,AC_Urgent,693.8341334372443,28.24374950339603,2.913638449680173,0.0,0.027772074099632487,19568,2026-01-12
SPY,TWAP,693.6682331868358,-31.496153938215254,2.917786961068111,0.0,0.021250699607840866,19568,2026-01-13
SPY,VWAP,693.814785251431,-29.390096965051793,2.9774715207935545,0.0,0.02028533288271959,19568,2026-01-13
SPY,AC_Aggressive,693.7047500766557,-30.971380366066057,2.9222961673768832,0.0,0.021244090021938524,19568,2026-01-13
SPY,AC_Balanced,693.9271664912101,-27.77509894818064,2.951569288462841,0.0,0.021898953094643837,19568,2026-01-13
SPY,AC_Urgent,694.2477633636549,-23.167894807780698,2.9982843720623773,0.0,0.026911956720653024,19568,2026-01-13
SPY,TWAP,688.3230391557644,-47.022708945032576,3.052752102818692,0.0,0.020047233836478034,19568,2026-01-14
SPY,VWAP,688.9631306418644,-37.767147728943186,3.1741909259667023,0.0,0.01930806348978115,19568,2026-01-14
SPY,AC_Aggressive,688.3424554016763,-46.74195493326039,3.0621589192886582,0.0,0.020044499726552117,19568,2026-01-14
SPY,AC_Balanced,688.5181895594851,-44.20088339789574,3.1255828829663725,0.0,0.02056198547470073,19568,2026-01-14
SPY,AC_Urgent,689.0001960445625,-37.231191367828046,3.2482594451236193,0.0,0.02511849071563672,19568,2026-01-14
SPY,TWAP,694.224943632461,-0.9367036388396865,2.897702594707801,0.0,0.021611577335771674,19568,2026-01-15
SPY,VWAP,693.844988976901,-6.409267950360231,2.9605473174344814,0.0,0.020619590537641105,19568,2026-01-15
SPY,AC_Aggressive,694.2530023558869,-0.5325681289813922,2.901982778154231,0.0,0.02164006282134053,19568,2026-01-15
SPY,AC_Balanced,694.3850548701957,1.3694111374351614,2.93205447113856,0.0,0.02224606024740992,19568,2026-01-15
SPY,AC_Urgent,694.4473062806622,2.266030884754411,2.9893861114897766,0.0,0.027165216565856454,19568,2026-01-15
SPY,TWAP,692.6964588614062,-18.179038744295937,2.8636894900015077,0.0,0.02261607079591693,19568,2026-01-16
SPY,VWAP,692.5117717395747,-20.84039749730926,2.9422571979787144,0.0,0.020917243862478507,19568,2026-01-16
SPY,AC_Aggressive,692.6944666751843,-18.207746334660825,2.869381948363721,0.0,0.022369225771170884,19568,2026-01-16
SPY,AC_Balanced,692.6766621218316,-18.464311618905384,2.908849905145463,0.0,0.022268190158366206,19568,2026-01-16
SPY,AC_Urgent,692.6974512520442,-18.164738302096637,2.97497962842191,0.0,0.02675278691566972,19568,2026-01-16
SPY,TWAP,680.994710251431,-23.95579771888645,3.058130364103466,0.0,0.01879394851194178,19568,2026-01-20
SPY,VWAP,680.8295389769012,-26.375428753976358,3.14747206577308,0.0,0.018012975969464176,19568,2026-01-20
SPY,AC_Aggressive,681.1313088154129,-21.954734727150928,3.0671888071251003,0.0,0.01878256931063604,19568,2026-01-20
SPY,AC_Balanced,681.9074157297628,-10.585370521088988,3.1271467163484807,0.0,0.01920659427982112,19568,2026-01-20
SPY,AC_Urgent,682.7701664349966,2.053258004797165,3.229559526708818,0.0,0.02325062761516434,19568,2026-01-20
SPY,TWAP,682.8748851287818,48.92792871075802,3.2383164660340875,0.0,0.018133272710980114,19568,2026-01-21
SPY,VWAP,683.4648393959526,57.60947205220912,3.3804604298315373,0.0,0.01728814726324881,19568,2026-01-21
SPY,AC_Aggressive,682.8354010629599,48.3468961667044,3.2363160801192055,0.0,0.017995200961509524,19568,2026-01-21
SPY,AC_Balanced,682.5906821903106,44.7457060107892,3.2261487050931974,0.0,0.019198591014496585,19568,2026-01-21
SPY,AC_Urgent,682.3276505519214,40.8750321366913,3.2202565909416725,0.0,0.024448927218586998,19568,2026-01-21
SPY,TWAP,689.8064706152902,-1.9354121466141905,2.893669734491182,0.0,0.022432982645749333,19568,2026-01-22
SPY,VWAP,689.4721310098118,-6.781335042740366,2.9698025646661206,0.0,0.021055799485418428,19568,2026-01-22
SPY,AC_Aggressive,689.7813157604252,-2.300006963207313,2.90291737164382,0.0,0.022352912996047688,19568,2026-01-22
SPY,AC_Balanced,689.6022995860586,-4.894669886550407,2.963025161386453,0.0,0.022785926106201643,19568,2026-01-22
SPY,AC_Urgent,689.253454364268,-9.95083738743685,3.0789706064556284,0.0,0.026929030504297586,19568,2026-01-22
SPY,TWAP,689.545841874489,26.549631378267602,2.9393182217857476,0.0,0.022956306190346488,19568,2026-01-23
SPY,VWAP,689.3638716169255,23.903637873416983,2.9816632549085944,0.0,0.0220457969495291,19568,2026-01-23
SPY,AC_Aggressive,689.5429333810303,26.507339550450038,2.944204044243984,0.0,0.02289448103034203,19568,2026-01-23
SPY,AC_Balanced,689.502921049673,25.92552815828597,2.9764504724683625,0.0,0.023805659052708535,19568,2026-01-23
SPY,AC_Urgent,689.296990877964,22.931138283315278,3.0330034029906896,0.0,0.029602882460739624,19568,2026-01-23
SPY,TWAP,693.4116177943581,30.835383739513667,2.7859902586739587,0.0,0.02492147609415501,19568,2026-01-26
SPY,VWAP,693.1801225878986,27.48659313876356,2.8738813540020827,0.0,0.023327179381439085,19568,2026-01-26
SPY,AC_Aggressive,693.380998778618,30.39245157826942,2.7922370393579725,0.0,0.024753219610809563,19568,2026-01-26
SPY,AC_Balanced,693.1782980733852,27.460199862001655,2.8337467121872617,0.0,0.025307667600544245,19568,2026-01-26
SPY,AC_Urgent,692.8353469899837,22.499097720074523,2.9076952887342657,0.0,0.03014016235245106,19568,2026-01-26
SPY,TWAP,695.9676485588716,25.318369521962758,2.7268019211351073,0.0,0.02564445397626682,19568,2026-01-27
SPY,VWAP,695.8031626584218,22.948972722094396,2.7673082358318877,0.0,0.024044887030219893,19568,2026-01-27
SPY,AC_Aggressive,695.9460600010219,25.007389311848538,2.7319365244065335,0.0,0.025338438982750643,19568,2026-01-27
SPY,AC_Balanced,695.7958726798856,22.843961582736938,2.7656629543535507,0.0,0.025603303535704763,19568,2026-01-27
SPY,AC_Urgent,695.4921207532703,18.46845680750775,2.8278045364549698,0.0,0.031181139012247908,19568,2026-01-27
SPY,TWAP,695.7688093826654,-22.673926416123535,2.9061368191760972,0.0,0.023916760587789278,19568,2026-01-28
SPY,VWAP,695.9751251022078,-19.715358598449974,3.024855150821521,0.0,0.022561246402453876,19568,2026-01-28
SPY,AC_Aggressive,695.8088979200737,-22.099056712074905,2.9036781771843048,0.0,0.024010416160585118,19568,2026-01-28
SPY,AC_Balanced,696.0695988041704,-18.360605529401663,2.895192014959289,0.0,0.024954520028992757,19568,2026-01-28
SPY,AC_Urgent,696.5562795175798,-11.381603156876974,2.902989317729097,0.0,0.030384344760220023,19568,2026-01-28
SPY,TWAP,690.6817035568276,-75.19991142237559,3.1618050704550753,0.0,0.0191327965244211,19568,2026-01-29
SPY,VWAP,690.8674244174164,-72.53118224636145,3.2827105330169983,0.0,0.01847012781658507,19568,2026-01-29
SPY,AC_Aggressive,690.6387880059277,-75.81658949735504,3.1781808596690264,0.0,0.019009647652242896,19568,2026-01-29
SPY,AC_Balanced,690.4644280866721,-78.32206681514297,3.2826407706862706,0.0,0.01905363463788465,19568,2026-01-29
SPY,AC_Urgent,690.6518289247751,-75.62919708220205,3.4481757664086365,0.0,0.0228480445232907,19568,2026-01-29
SPY,TWAP,693.0341741005723,-0.5170217044137004,3.4409837028887695,0.0,0.07518039067636775,19568,2026-01-30
SPY,VWAP,693.0861899018806,0.23349124173455138,3.586323688590959,0.0,0.07851684697589484,19568,2026-01-30
SPY,AC_Aggressive,693.0341571596484,-0.5172661374963639,3.441160668017726,0.0,0.07517014144598211,19568,2026-01-30
SPY,AC_Balanced,693.0349807696239,-0.5053826341450129,3.4420454936625067,0.0,0.07525655941724801,19568,2026-01-30
SPY,AC_Urgent,693.0383447107522,-0.4568458183440427,3.445960847140662,0.0,0.07478797050293541,19568,2026-01-30
SPY,TWAP,696.3798659035159,-4.236148772726045,2.8309479280921566,0.0,0.04044031084773039,19568,2026-02-02
SPY,VWAP,696.4764289963204,-2.8500922256080585,2.793020282503078,0.0,0.048431633864021904,19568,2026-02-02
SPY,AC_Aggressive,696.3833096432951,-4.1867176916698945,2.8300346717579825,0.0,0.0403738521939818,19568,2026-02-02
SPY,AC_Balanced,696.4104758023302,-3.796777482660829,2.822284829853934,0.0,0.0410775363720652,19568,2026-02-02
SPY,AC_Urgent,696.5056124948896,-2.431195335657055,2.7946047272274024,0.0,0.04387459478795343,19568,2026-02-02
SPY,TWAP,689.5253915576455,-94.30727412484852,3.1668538364128356,0.0,0.018105159456363897,19568,2026-02-03
SPY,VWAP,689.9329545022488,-88.45224203303248,3.228478862152001,0.0,0.01760659435048956,19568,2026-02-03
SPY,AC_Aggressive,689.7065483493461,-91.70478328729192,3.175920658760688,0.0,0.018051492677812822,19568,2026-02-03
SPY,AC_Balanced,690.8463027493864,-75.33111959340144,3.231235616639143,0.0,0.019119689156783387,19568,2026-02-03
SPY,AC_Urgent,692.6410403924774,-49.54799422384859,3.3255746183961437,0.0,0.024246444931607106,19568,2026-02-03
SPY,TWAP,686.7219083197059,-41.44709387316037,3.4015573166906186,0.0,0.017998174560135055,19568,2026-02-04
SPY,VWAP,686.9877311682337,-37.59224248623072,3.4873973640967613,0.0,0.017589984124997866,19568,2026-02-04
SPY,AC_Aggressive,686.8116170278005,-40.146175837960655,3.414948749450947,0.0,0.018000101385032444,19568,2026-02-04
SPY,AC_Balanced,687.4053291445218,-31.536411894583782,3.4973316284106586,0.0,0.018858946511267988,19568,2026-02-04
SPY,AC_Urgent,688.5212011191742,-15.354504835246585,3.6260250017363385,0.0,0.024056111912656514,19568,2026-02-04
SPY,TWAP,679.5056871933771,-18.718852619900026,3.382658692902654,0.0,0.018493558021060792,19568,2026-02-05
SPY,VWAP,679.3560512264922,-20.91686020598282,3.504007607178926,0.0,0.017908639064095077,19568,2026-02-05
SPY,AC_Aggressive,679.51602752964,-18.56696308410344,3.4002280309289294,0.0,0.018269259016295815,19568,2026-02-05
SPY,AC_Balanced,679.5727590913737,-17.733631327996324,3.5117619870897374,0.0,0.018572528085581113,19568,2026-02-05
SPY,AC_Urgent,679.7524900449715,-15.093557502924293,3.7025625208572146,0.0,0.022734070326709366,19568,2026-02-05
SPY,TWAP,688.2891878526161,65.65077712470836,3.0423789362607234,0.0,0.02147564679404808,19568,2026-02-06
SPY,VWAP,687.7658989779231,57.99811722364545,3.322332788464504,0.0,0.020335189557719603,19568,2026-02-06
SPY,AC_Aggressive,688.1760575684791,63.99634181969649,3.0590149638373223,0.0,0.021228796842961868,19568,2026-02-06
SPY,AC_Balanced,687.4493482471382,53.368828887350176,3.169604190281493,0.0,0.02114621458581098,19568,2026-02-06
SPY,AC_Urgent,686.287558534342,36.37863097076366,3.383720178632608,0.0,0.02440331860119405,19568,2026-02-06
SPY,TWAP,694.5147803556827,67.33019501624193,2.8982529811876914,0.0,0.02263897624731269,19568,2026-02-09
SPY,VWAP,693.8660677177023,57.9267891954438,3.0437930667639836,0.0,0.021146758868677513,19568,2026-02-09
SPY,AC_Aggressive,694.4373044000407,66.20714328331445,2.90707561273049,0.0,0.022349333179884794,19568,2026-02-09
SPY,AC_Balanced,693.9229309638187,58.751049658727354,2.969722963660343,0.0,0.022580010548800804,19568,2026-02-09
SPY,AC_Urgent,692.9629688726492,44.835931334603615,3.098269668246574,0.0,0.026885839944541978,19568,2026-02-09
SPY,TWAP,694.6483289145546,-5.778848794596447,2.9414065270607703,0.0,0.023549751212437884,19568,2026-02-10
SPY,VWAP,694.3375523865494,-10.25013191758406,3.0205970818114642,0.0,0.022299892580104487,19568,2026-02-10
SPY,AC_Aggressive,694.7006221381847,-5.026482424571599,2.9488987674666034,0.0,0.023342850677601126,19568,2026-02-10
SPY,AC_Balanced,694.9861953291087,-0.9178111643826092,2.9978519928071683,0.0,0.023922304520998625,19568,2026-02-10
SPY,AC_Urgent,695.3117275654129,3.7657690387882248,3.081571713495105,0.0,0.028955854846577044,19568,2026-02-10
SPY,TWAP,692.9640220666395,-45.15682076616345,3.0741706196729726,0.0,0.021211429294791424,19568,2026-02-11
SPY,VWAP,692.9518137827064,-45.33220007615802,3.176204693688039,0.0,0.02004576607407299,19568,2026-02-11
SPY,AC_Aggressive,692.9710695012263,-45.055580147755904,3.087131813879082,0.0,0.020910506411355414,19568,2026-02-11
SPY,AC_Balanced,693.0265810302535,-44.25812378853977,3.167563897550639,0.0,0.020973201737537864,19568,2026-02-11
SPY,AC_Urgent,693.2778467446853,-40.64854132273199,3.2829078809940113,0.0,0.02517151277140955,19568,2026-02-11
SPY,TWAP,686.4080588307443,-122.91464459665669,3.2024633173781396,0.0,0.01776217920563306,19568,2026-02-12
SPY,VWAP,686.1301577115701,-126.91350946884671,3.2598030121566537,0.0,0.01723294062475433,19568,2026-02-12
SPY,AC_Aggressive,686.6335318223629,-119.67019553329794,3.208143973257123,0.0,0.017802329860777018,19568,2026-02-12
SPY,AC_Balanced,688.0445769828286,-99.36592708693182,3.241021918156719,0.0,0.018809552431475356,19568,2026-02-12
SPY,AC_Urgent,690.5072090198286,-63.929823860181536,3.2767567365954373,0.0,0.02498738519578881,19568,2026-02-12
SPY,TWAP,683.7439242743254,37.3445687273577,3.344938517020816,0.0,0.020033726376798303,19568,2026-02-13
SPY,VWAP,682.8869361815213,24.764003879338414,3.487612161901735,0.0,0.019386526074776374,19568,2026-02-13
SPY,AC_Aggressive,683.6992957890433,36.68942362338612,3.364848909991368,0.0,0.01995900613806598,19568,2026-02-13
SPY,AC_Balanced,683.3602695778819,31.712526895759652,3.4929873678412284,0.0,0.020301173818350005,19568,2026-02-13
SPY,AC_Urgent,682.5788416802944,20.24118391888985,3.719781297717938,0.0,0.02430133230971607,19568,2026-02-13
SPY,TWAP,681.7809455233036,0.6007464651514027,3.3141787923005843,0.0,0.02071634415467773,19568,2026-02-17
SPY,VWAP,681.4099829721996,-4.840661643773503,3.4516645783853597,0.0,0.019662019100817347,19568,2026-02-17
SPY,AC_Aggressive,681.6659192865902,-1.086498501566835,3.332855300453364,0.0,0.020472271465170725,19568,2026-02-17
SPY,AC_Balanced,680.974121059894,-11.234036222780297,3.4500416749074803,0.0,0.020509901836908543,19568,2026-02-17
SPY,AC_Urgent,680.0283763031479,-25.106550235357574,3.63876323591668,0.0,0.024435679113397956,19568,2026-02-17
SPY,TWAP,687.9600745094031,65.25346758453621,3.0036984677370615,0.0,0.03392741893505227,19568,2026-02-18
SPY,VWAP,687.1378421351187,53.223732774232424,3.2084241264570004,0.0,0.03137536703531867,19568,2026-02-18
SPY,AC_Aggressive,687.9363043898201,64.90569699809879,3.009672421001755,0.0,0.03355073837763901,19568,2026-02-18
SPY,AC_Balanced,687.744598763287,62.1009328937383,3.0575388149949547,0.0,0.032251796073981445,19568,2026-02-18
SPY,AC_Urgent,687.2021380876942,54.164419717543936,3.18991533883901,0.0,0.03216551394533605,19568,2026-02-18
